mass_region,old_point_id,new_point_id,changed
R150_anchor,point_e1d6c530d8cd9662,point_b9fc4588e0c8cf1d,True
R150_anchor,point_64ed6c770b4d1532,point_a95441d1b152a47d,True
R150_anchor,point_0e51641965b6c906,point_e8b7ce7612f33f15,True
R150_anchor,point_8fd53f6e18e1d68d,point_dc82aac7a10aec3a,True
R150_anchor,point_f999def9d725cc41,point_178edb211606d46a,True
R150_anchor,point_2d5805b3f33ee136,point_312232762f79b50d,True
R150_anchor,point_59f69187b3072323,point_81ba94519b3ba5aa,True
R150_anchor,point_e73df58f1c260a52,point_98cf22cd4f42d369,True
R150_anchor,point_ddc69ede3eed1b36,point_33fdbfe2a0cc1b21,True
R150_anchor,point_1db32f912fad3fb9,point_9b7fa7675b1c32ba,True
R150_anchor,point_b253316330cd7f4d,point_370e28d76916936a,True
R150_anchor,point_54aeae24488312a6,point_bf00229946451e39,True
R150_anchor,point_db2d5dff03998f1b,point_a139e207ee4b64aa,True
R150_anchor,point_dcefa28a9987ccc0,point_04c01590abdbb8a1,True
R150_anchor,point_43a7b378e4ae524d,point_508cf1664dc89678,True
R150_anchor,point_2f99acf7f0b23641,point_47e1a9021ad18ab0,True
R150_anchor,point_27c2552d359eff68,point_74738511fb7600b5,True
R150_anchor,point_fc1def0c8ab0b0dc,point_f02a2eee44730cc5,True
R150_anchor,point_6d171d0c1e0b16d1,point_d561cbeb99ae12e8,True
R150_anchor,point_40ec63be6285b102,point_0ddb50aaffa37085,True
R150_anchor,point_3c8b687e48cbf473,point_11b6bfbee65a2b30,True
R150_anchor,point_f3a39760eb0e0376,point_a4fff7e3b3bac411,True
R150_anchor,point_18056e69fbea3dca,point_d34fa68c3766aa69,True
R150_anchor,point_6c2842f8d4db7821,point_722d813d46cd5e1e,True
R150_anchor,point_9fc9e863b5405b55,point_ca35b21d49bf708e,True
R150_anchor,point_76bca93adc5e7b3a,point_0d753600eb7356a1,True
R150_anchor,point_dc09669cdfdc54ef,point_34616b4dcef441ce,True
R150_anchor,point_933232947b3ba870,point_a411fc3a427647e9,True
R150_anchor,point_38f0c85db4d182b8,point_4432578c0247d14b,True
R150_anchor,point_2302212259f4e1db,point_b4646db1d55ad210,True
R150_anchor,point_6854771df65beb18,point_1f341d87509fa01f,True
R150_anchor,point_14ebb59f32a2fb98,point_34a2f80d76e003eb,True
R150_anchor,point_41519332d35f95e7,point_c52a32a4bfb2ad74,True
R150_anchor,point_15ab4960e12978a8,point_92f639faf41f4405,True
R150_anchor,point_9e61fa485d025e4f,point_b327bbd459488162,True
R150_anchor,point_873152b48c3822ee,point_3c4a2b16f79a0393,True
R150_anchor,point_cb686aa7acd1b21b,point_1c7bc803f8503612,True
R150_anchor,point_577820411992bb9b,point_b4289cedb4b07f9e,True
R150_anchor,point_0cbe984135d94cda,point_e27c841f5895e9f7,True
R150_anchor,point_a3a08a6977266acb,point_ae8997e08fd26aac,True
R150_anchor,point_0328a9e511216662,point_2e0d1587e9804399,True
R150_anchor,point_adf3f987f465eb47,point_87e379f695b2c460,True
R150_anchor,point_093be2839fd7cb88,point_a61ec3cdbde46a4b,True
R150_anchor,point_b5d32104dc1edc08,point_bbf879e1644667d7,True
R150_anchor,point_77c2d23f82201f73,point_d4bc98f43438b114,True
R150_anchor,point_9104e3c676d50258,point_40eb2a1f8dda377d,True
R150_anchor,point_1f304eea53977a7b,point_5e672c61c1093bee,True
R150_anchor,point_bda0399c21e4a707,point_9f21d8d4c62ada90,True
R150_anchor,point_8a71a08304ec732f,point_8fc0b45dd3f86814,True
R150_anchor,point_46941f0cfa36abbc,point_789c8fdca6aa2cd3,True
R150_anchor,point_f32b5d8e367dbc3c,point_d409ffc8009f6d3f,True
R150_anchor,point_ef4b70ec76296c7b,point_a89c28dfdd676b98,True
R150_anchor,point_51eea6f30503cd0c,point_a322f6247bb65a31,True
R150_anchor,point_ea75a751be5b50e1,point_59a3c2a60cfcb53a,True
R150_anchor,point_324a246770a9a794,point_4410d89506ecd56f,True
R150_anchor,point_3ab8f16f614a005b,point_c87417f1384e5ef4,True
R150_anchor,point_9508c7f5befc4a9f,point_1b898412dd12514c,True
R150_anchor,point_dd759f2bfb4802b8,point_8b9da09bb4c5f3ab,True
R150_anchor,point_660650c51d05c509,point_ea7e0650bbfd22dc,True
R150_anchor,point_2982dfabe7046ee6,point_6ee5665e22eca603,True
R150_anchor,point_c4187b1ded909534,point_4334cff72aaa0f9b,True
R150_anchor,point_c5aac9d4fbbb09c7,point_d8067e40acd46294,True
R150_anchor,point_1bf36e3c2c4114cb,point_bca8790bbbba536c,True
R150_anchor,point_80e4409937561c28,point_617b600bdd9bb797,True
R150_anchor,point_3659f0bd5f472541,point_a32446f8b12edafc,True
R150_anchor,point_8383cff0edb123c2,point_3f856a038b90a20f,True
R150_anchor,point_09725fe1a2ca5338,point_c1fe037fda17a3a3,True
R150_anchor,point_a22870d00c4191af,point_abe60e2c56031d18,True
R150_anchor,point_ee713a4b1506d753,point_2bf939793665b310,True
R150_anchor,point_c3566c175a459adc,point_798ce5f279f4bcff,True
R150_anchor,point_adfe3018b73976b5,point_1badeace7af2bee0,True
R150_anchor,point_27f3c59801daf66e,point_14bea51049248677,True
R150_anchor,point_b183e1a97fc5ed92,point_0bcbfd8284eaa1ef,True
R150_anchor,point_d6d3c186d4e001bb,point_af31000f43cf42de,True
R150_anchor,point_5fecda84e3f738d0,point_535b3f852ae1789f,True
R150_anchor,point_141ec85e9c54925d,point_8cb9304ab6b645b6,True
R150_anchor,point_798e38e957df1d36,point_2749bfbffb2bbadd,True
R200_below_hh,point_e76fb78b48466939,point_07e4a01a83c1c646,True
R200_below_hh,point_c289710c2a54ee03,point_9cae222f2b6e5c80,True
R200_below_hh,point_0acb31e2227845fd,point_6efd6c15cd4cd5ba,True
R200_below_hh,point_4e7d9190d07d1da4,point_f3c259ea15c2b819,True
R200_below_hh,point_29bc5b970288b8fe,point_8d293ab60dae4fef,True
R200_below_hh,point_0b0217f2bc305443,point_1ab9314c1fca38f0,True
R200_below_hh,point_f11cd105c2c7a6a5,point_39b99ca050b26202,True
R200_below_hh,point_7da3fc432c8072b7,point_505f23ed007a7cc4,True
R200_below_hh,point_97015b8cae7c8f69,point_2598c88ee42d3bb6,True
R200_below_hh,point_174fb82ccd4ecac8,point_510353b5c1ed8205,True
R200_below_hh,point_aa571ce0807a6c9a,point_0b1665a0e0d91e23,True
R200_below_hh,point_14e19df62ae80a71,point_a1ce0644c38ee022,True
R200_below_hh,point_932974b192f8ea0f,point_30094db870770c90,True
R200_below_hh,point_5d82efe033266a15,point_4cef70ff39716d26,True
R200_below_hh,point_bf4be5b1cc5cc1c4,point_d87b39619bee9951,True
R200_below_hh,point_695419803a8bb31a,point_8c4d3218316b8a1b,True
R200_below_hh,point_48a2f96122b40920,point_e7617a8c89da7f3d,True
R200_below_hh,point_14bf56014ce89db6,point_66a640a891f877a3,True
R200_below_hh,point_9a5220d931302724,point_317cb713830ede51,True
R200_below_hh,point_4a8e096d636be847,point_b9e7b16f0f723180,True
R200_below_hh,point_6840d8636e444415,point_0bfcca873e533202,True
R200_below_hh,point_585812c2603b681b,point_6ea00c6170d52fa2,True
R200_below_hh,point_a6521769689e1687,point_74802b55ec404266,True
R200_below_hh,point_913957b75cb79313,point_ce811b9af2ecf742,True
R200_below_hh,point_b7a58abba3ff1ca8,point_bd9ab3160dcf6d3f,True
R200_below_hh,point_ce3fd36f82f0b44e,point_c7f882ff95500a6d,True
R200_below_hh,point_3fea075e4bc7ed74,point_6a6f176153ea6bf3,True
R200_below_hh,point_83085af5b0041e97,point_af4016a32cb7a156,True
R200_below_hh,point_c4614c5b64fc1f41,point_efc003d244d0197c,True
R200_below_hh,point_32ff252139aaa658,point_93c2f2c9295bcaeb,True
R200_below_hh,point_3b184a29a247d72a,point_03fe7ba08b815545,True
R200_below_hh,point_4f7c6dadc04df114,point_a1174ef6b8b084ff,True
R200_below_hh,point_35e5838c4b5bad63,point_9a5eac9903746c32,True
R200_below_hh,point_c4e2913ba8cfbe59,point_098935fd1170051c,True
R200_below_hh,point_f3e8e84dc7d9710c,point_f4e0005ecdcdd1f3,True
R200_below_hh,point_1b98fc734f38182a,point_6330ab67462d5659,True
R200_below_hh,point_235bfd99697cab98,point_525eb873b20f2367,True
R200_below_hh,point_01ab7e9c60f5f2eb,point_39a62d5d4c8eb492,True
R200_below_hh,point_6042e86a6daf8fad,point_e2cf5f2a2161b180,True
R200_below_hh,point_7f38c1efd59a0005,point_be287aa4466cd2b4,True
R200_below_hh,point_8bb2fb6860b1a9f7,point_4f65770091411746,True
R200_below_hh,point_541a2453a27442aa,point_97c6b444a68633ad,True
R200_below_hh,point_febcdba0d319b908,point_f1b4c1a7eb2d20bf,True
R200_below_hh,point_e82a977f89b559c8,point_4f7a0eb930260ca5,True
R200_below_hh,point_b4df024ef3ac9271,point_9f4991936753c33a,True
R200_below_hh,point_4d6874c53fe2da07,point_ccfa47acc5754a00,True
R200_below_hh,point_25d2240cc20534aa,point_3bc93442d3ac9c93,True
R200_below_hh,point_6880b444cba180b0,point_6cdaa606a1cde50d,True
R200_below_hh,point_851afb7c5d6d615d,point_55e4ee0c7e342936,True
R200_below_hh,point_ff6e701e37802b9b,point_80ab496a9a816a44,True
R200_below_hh,point_18d886d84438d5e6,point_7335c36ebc728f07,True
R200_below_hh,point_d22b6c9c29ec6934,point_4e523bff963b3579,True
R200_below_hh,point_9795bf875f6f6b49,point_7d3b967cd3785aa6,True
R200_below_hh,point_384fb51333fc5693,point_605573360a7dfa10,True
R200_below_hh,point_011af49c15561f96,point_feb838bf5e5e421f,True
R200_below_hh,point_2d8ec7b308e97700,point_0a1bc70b46cf1165,True
R200_below_hh,point_37819d52e815a358,point_49cdeb803cd46ed1,True
R200_below_hh,point_cf87c7187e16d8fa,point_7ef775154bbe0823,True
R200_below_hh,point_c064181b05885e21,point_a5ed658833eb5ae6,True
R200_below_hh,point_1c0d97e9294f6b33,point_0724020dfd422ad4,True
R200_below_hh,point_4aed8e968255aa8d,point_83ae22fb525f6952,True
R200_below_hh,point_93485c9c4dfc6581,point_f26e16d8fbce872c,True
R250_near_hh_threshold,point_dde67a3d20799bcf,point_8b9b75f490d0e600,True
R250_near_hh_threshold,point_9887c1bb67ec0ee3,point_cf1e5eaef3ac4288,True
R250_near_hh_threshold,point_47937ee4dec7e33c,point_e9b98fc52c850f31,True
R250_near_hh_threshold,point_20ef1819e5ebec9c,point_f6242d10da8d9a0d,True
R250_near_hh_threshold,point_ce7763c62c6486a3,point_da1ae3c565cb25a2,True
R250_near_hh_threshold,point_5eb4cedf170eb7fb,point_1ef6a17dd5d99610,True
R250_near_hh_threshold,point_45c41cc72f54be6f,point_1bdae3d5f3939838,True
R250_near_hh_threshold,point_7c7040857e3235dc,point_cc704cfd9847e809,True
R250_near_hh_threshold,point_281d965e168d04bc,point_93654e157f8ec665,True
R250_near_hh_threshold,point_e54f8be40206fd2f,point_1bbe8740bf52192e,True
R250_near_hh_threshold,point_50de8dc38c5287a6,point_413b855a3f83e8f7,True
R250_near_hh_threshold,point_a279136b199d1003,point_3f4c77b265dd0644,True
R250_near_hh_threshold,point_22e173fed911c697,point_ad712858a6ee816c,True
R250_near_hh_threshold,point_55b669b28e23e240,point_b9f588f29645de1d,True
R250_near_hh_threshold,point_521efc97a4e188a0,point_d79bc309cefaea79,True
R250_near_hh_threshold,point_b435c8810c2eb116,point_b1df8f632e9684ab,True
R250_near_hh_threshold,point_dcac68d529d091ff,point_5ff0f17fe2627198,True
R250_near_hh_threshold,point_5bfaaf62087a09df,point_0ec9786c6b02b9d4,True
R250_near_hh_threshold,point_6a9257d781b9ec56,point_6072686a8dee3059,True
R250_near_hh_threshold,point_72ec88da202df03a,point_f836a86b4a29cf8b,True
R250_near_hh_threshold,point_2987e553370e5636,point_6cba02ef1fb5b8df,True
R250_near_hh_threshold,point_52577efa59704095,point_fa9a4e651104e200,True
R250_near_hh_threshold,point_c1e518ac578ee5d1,point_b1aa1e2cbadc6e3e,True
R250_near_hh_threshold,point_ce7c950be3372b8d,point_8df579ee560d9210,True
R250_near_hh_threshold,point_faafb32cb6c51181,point_ae4b5022e6110244,True
R250_near_hh_threshold,point_5d563de8d289da76,point_30bbcc2aa7e32ad9,True
R250_near_hh_threshold,point_741c972428dfd58e,point_d25e18bf5bc7a67d,True
R250_near_hh_threshold,point_3a37385beb426b2b,point_de4655b81ddbdd82,True
R250_near_hh_threshold,point_692952104661f3ef,point_85fca41219cd7122,True
R250_near_hh_threshold,point_7090845029e4dae4,point_db3fcbaca28404c9,True
R250_near_hh_threshold,point_68274d571fcf3732,point_ce09ced15e2fc611,True
R250_near_hh_threshold,point_bb9414b53a5096d7,point_ac71593250eb41c6,True
R250_near_hh_threshold,point_1ccd62256e34c99b,point_8bdcc306953883e6,True
R250_near_hh_threshold,point_cd347d26c9d9a3a0,point_fd4c0a8a233beedd,True
R250_near_hh_threshold,point_2526248e7e7b273e,point_c1d8f9baf9b7d569,True
R250_near_hh_threshold,point_6e713d4bd5a825a3,point_465abf5c90b85ba2,True
R250_near_hh_threshold,point_a7bf3a8b08a5d307,point_e5ddb34b9be538c2,True
R250_near_hh_threshold,point_1c16dff5114f7230,point_74fff6992053f675,True
R250_near_hh_threshold,point_36fc3d37f661c895,point_66bc045b9eddeaa8,True
R250_near_hh_threshold,point_f02595314c86b309,point_8147273ef29afc78,True
R250_near_hh_threshold,point_e417aec43102906a,point_abfb7dfe275759bd,True
R250_near_hh_threshold,point_84a4c45e56374e2e,point_66f11b749ed4415d,True
R250_near_hh_threshold,point_fabb299c2a5f7a43,point_b445b70ea499f784,True
R250_near_hh_threshold,point_7d1808a18db33d76,point_019992423189315f,True
R250_near_hh_threshold,point_ada2cddcb47ceb46,point_76171cf18f9d7e47,True
R250_near_hh_threshold,point_b32153498028b38d,point_e2159ec134897458,True
R250_near_hh_threshold,point_df54716a53b69981,point_a2ff61edc2b83f0c,True
R250_near_hh_threshold,point_3629fdafc51b4d9c,point_17804279d0c420cb,True
R250_near_hh_threshold,point_d26a67a31d7ac70a,point_d50ec0b3989dc4d3,True
R250_near_hh_threshold,point_3cdfd6d14c0939b1,point_22e0f069e5738b82,True
R250_near_hh_threshold,point_63983eff0aab7cd6,point_058e53d7720aea1f,True
R250_near_hh_threshold,point_35c2b02a75dfadfe,point_95a293d77c6bf60b,True
R250_near_hh_threshold,point_a865f25c25d54f8d,point_af2d4514a8cca258,True
R250_near_hh_threshold,point_2cb31aa7c4722385,point_f10bf3e41882efc6,True
R250_near_hh_threshold,point_fcab1f0c23be625a,point_910af9539c7f00cb,True
R250_near_hh_threshold,point_0960bd688a662562,point_61bf5e4c3200c037,True
R250_near_hh_threshold,point_84b8f5e6e1cef121,point_b0a7bf63b84d7d34,True
R250_near_hh_threshold,point_daa80acc5e2d16fd,point_8af55a0e585009a2,True
R250_near_hh_threshold,point_bd67b5f22dc319c6,point_43aba354a012e137,True
R250_near_hh_threshold,point_b4a02df5f226dfee,point_131d5319ef3d7803,True
R250_near_hh_threshold,point_3643e27f3ca0b8b9,point_c03a25b32cd380d4,True
R250_near_hh_threshold,point_d17dd8e1281d76f1,point_4f554ffb3e76ddfe,True
R250_near_hh_threshold,point_ce8ec4575eddef99,point_5bb3c2384c8a7eca,True
R250_near_hh_threshold,point_d91b5fad37559a68,point_7589c2a73906f437,True
R250_near_hh_threshold,point_73be170a96612738,point_6bc45f1c25f66fad,True
R250_near_hh_threshold,point_9c95db9064407b94,point_cfe2c30d1d42ff41,True
R250_near_hh_threshold,point_2e643246e1276934,point_d06407ed61169e59,True
R250_near_hh_threshold,point_17a6304d1e652717,point_d2998b9cf3885908,True
R250_near_hh_threshold,point_ed01bc112d6f96eb,point_2452f60373a83f9a,True
