schema_version,producer,producer_commit,producer_dirty,evaluator_api,campaign_id,run_id,point_id,yukawa_type,yukawa_type_installed,mh_input_GeV,mH_input_GeV,mA_input_GeV,mHp_input_GeV,sin_beta_minus_alpha_input,tan_beta_input,beta_input_rad,M2_input_GeV2,m12_sq_input_GeV2,lambda6_input,lambda7_input,lambda1_reconstructed,lambda2_reconstructed,lambda3_reconstructed,lambda4_reconstructed,lambda5_reconstructed,lambda6_reconstructed,lambda7_reconstructed,tan_beta_reconstructed,m12_sq_reconstructed_GeV2,M2_reconstructed_GeV2,construction_ok,numerical_ok,rejection_stage,rejection_reason,positivity_reported_ok,unitarity_ok,perturbativity_ok,stability_reported_ok,stability_dependency_alias,triple_ok_legacy,theory_ok_v1,experimental_evaluated,experimental_ok,two_hdmc_hphiphi_real_GeV,two_hdmc_hphiphi_imag_GeV,g_physical_hphiphi_GeV,g_physical_hphiphi_abs_GeV,g_hH2H2_GeV,width_bb_GeV,width_cc_GeV,width_tt_GeV,width_tautau_GeV,width_WW_GeV,width_ZZ_GeV,width_gammagamma_GeV,width_Zgamma_GeV,width_gg_GeV,width_hh_GeV,total_width_GeV,width_unaccounted_GeV,br_bb,br_cc,br_tt,br_tautau,br_WW,br_ZZ,br_gammagamma,br_Zgamma,br_gg,br_hh,width_ok,ctau_mm
dihiggs.point.v2,DihiggsPointV2Evaluator,f7cce2aecfafb5f8e25f26ae0b917adcf5894989,no,THDM::set_param_phys+THDM::get_param_gen+THDM::get_coupling_hhh+2HDMC::DecayTable,issue62-yukawa-order-recompute-v2,off_seed_tanbeta_perturbation,point_813b2e809a9ff036,1,1.00000000000000000e+00,1.25129999999999995e+02,2.00000000000000000e+02,5.00000000000000000e+02,5.00000000000000000e+02,1.00000000000000000e+00,1.00000000000000000e+03,1.56979632712822981e+00,3.99999995713761018e+04,3.99999595714143510e+01,1.00000000000000004e-10,0.00000000000000000e+00,2.65340142913145838e-01,2.58270157669942269e-01,7.18615451026949348e+00,-3.46394217983491037e+00,-3.46394217983491037e+00,1.00000000000000004e-10,0.00000000000000000e+00,1.00000000000005446e+03,3.99999595701978237e+01,3.99999995701595690e+04,1,1.00000000000000000e+00,accepted,none,1.00000000000000000e+00,1.00000000000000000e+00,1.00000000000000000e+00,1.00000000000000000e+00,2HDMC-patched:check_stability==check_positivity,1.00000000000000000e+00,1.00000000000000000e+00,0.00000000000000000e+00,nan,0.00000000000000000e+00,-6.35914286778212272e+01,6.35914286778212272e+01,6.35914286778212272e+01,6.35914286778212272e+01,3.92309077036673493e-09,1.75213231423946600e-10,0.00000000000000000e+00,4.14221289486895524e-10,0.00000000000000000e+00,0.00000000000000000e+00,2.97659027716987216e-12,4.69383946026030491e-13,1.28927420728957271e-09,0.00000000000000000e+00,5.80813617690173267e-09,2.89070411138707669e-12,6.75447450073295541e-01,3.01668600885683091e-02,0.00000000000000000e+00,7.13174204031586517e-02,0.00000000000000000e+00,0.00000000000000000e+00,5.12486309981404734e-04,8.08149002932669953e-05,2.21977269130992999e-01,0.00000000000000000e+00,1.00000000000000000e+00,3.39742344858830864e-05
dihiggs.point.v2,DihiggsPointV2Evaluator,f7cce2aecfafb5f8e25f26ae0b917adcf5894989,no,THDM::set_param_phys+THDM::get_param_gen+THDM::get_coupling_hhh+2HDMC::DecayTable,issue62-yukawa-order-recompute-v2,off_seed_tanbeta_perturbation,point_3c9828174c5fa98b,1,1.00000000000000000e+00,1.25129999999999995e+02,2.00000000000000000e+02,5.00000000000000000e+02,5.00000000000000000e+02,1.00000000000000000e+00,1.00000000000000000e+03,1.56979632712822981e+00,4.02499996785320764e+04,4.02499594285704561e+01,1.00000000000000004e-10,0.00000000000000000e+00,-4.12347710925419779e+03,2.58270153546199810e-01,7.18203076782009830e+00,-3.45981843738551342e+00,-3.45981843738551342e+00,1.00000000000000004e-10,0.00000000000000000e+00,1.00000000000005446e+03,4.02499594274580943e+01,4.02499996774197134e+04,1,1.00000000000000000e+00,positivity,check_positivity_false,0.00000000000000000e+00,0.00000000000000000e+00,0.00000000000000000e+00,0.00000000000000000e+00,2HDMC-patched:check_stability==check_positivity,0.00000000000000000e+00,0.00000000000000000e+00,0.00000000000000000e+00,nan,0.00000000000000000e+00,-6.15607282526159452e+01,6.15607282526159452e+01,6.15607282526159452e+01,6.15607282526159452e+01,3.92309077036673493e-09,1.75213231423946600e-10,0.00000000000000000e+00,4.14221289486895524e-10,0.00000000000000000e+00,0.00000000000000000e+00,2.62358600753257359e-08,1.19513566276679145e-08,1.28927420728957271e-09,0.00000000000000000e+00,4.39919069056721954e-08,2.89070411139865722e-12,8.91775566532875680e-02,3.98285147765111043e-03,0.00000000000000000e+00,9.41585211059552812e-03,0.00000000000000000e+00,0.00000000000000000e+00,5.96379241563246620e-01,2.71671711192108811e-01,2.93070770961132675e-02,0.00000000000000000e+00,1.00000000000000000e+00,4.48552914114657759e-06
dihiggs.point.v2,DihiggsPointV2Evaluator,f7cce2aecfafb5f8e25f26ae0b917adcf5894989,no,THDM::set_param_phys+THDM::get_param_gen+THDM::get_coupling_hhh+2HDMC::DecayTable,issue62-yukawa-order-recompute-v2,off_seed_tanbeta_perturbation,point_585bb6990b8ed610,1,1.00000000000000000e+00,1.25129999999999995e+02,2.00000000000000000e+02,5.00000000000000000e+02,5.00000000000000000e+02,1.00000000000000000e+00,1.00000000000000000e+03,1.56979632712822981e+00,4.04999997856880509e+04,4.04999592857265611e+01,1.00000000000000004e-10,0.00000000000000000e+00,-8.24721955865118798e+03,2.58270149422457296e-01,7.17790702537070047e+00,-3.45569469493611692e+00,-3.45569469493611692e+00,1.00000000000000004e-10,0.00000000000000000e+00,1.00000000000005446e+03,4.04999592847183720e+01,4.04999997846798651e+04,1,1.00000000000000000e+00,positivity,check_positivity_false,0.00000000000000000e+00,0.00000000000000000e+00,0.00000000000000000e+00,0.00000000000000000e+00,2HDMC-patched:check_stability==check_positivity,0.00000000000000000e+00,0.00000000000000000e+00,0.00000000000000000e+00,nan,0.00000000000000000e+00,-5.95300278274098673e+01,5.95300278274098673e+01,5.95300278274098673e+01,5.95300278274098673e+01,3.92309077036673493e-09,1.75213231423946600e-10,0.00000000000000000e+00,4.14221289486895524e-10,0.00000000000000000e+00,0.00000000000000000e+00,1.03828681662712414e-07,4.75063150390163822e-08,1.28927420728957271e-09,0.00000000000000000e+00,1.57139686904407348e-07,2.89070411138542233e-12,2.49656267468145419e-02,1.11501578548093921e-03,0.00000000000000000e+00,2.63600683981811933e-03,0.00000000000000000e+00,0.00000000000000000e+00,6.60741304174001787e-01,3.02319012942388388e-01,8.20463775057586608e-03,0.00000000000000000e+00,1.00000000000000000e+00,1.25574248165608074e-06
dihiggs.point.v2,DihiggsPointV2Evaluator,f7cce2aecfafb5f8e25f26ae0b917adcf5894989,no,THDM::set_param_phys+THDM::get_param_gen+THDM::get_coupling_hhh+2HDMC::DecayTable,issue62-yukawa-order-recompute-v2,off_seed_tanbeta_perturbation,point_1fa8d47c162adf09,1,1.00000000000000000e+00,1.25129999999999995e+02,2.00000000000000000e+02,5.00000000000000000e+02,5.00000000000000000e+02,1.00000000000000000e+00,1.00000000000000000e+03,1.56979632712822981e+00,4.07499998928440255e+04,4.07499591428826591e+01,1.00000000000000004e-10,0.00000000000000000e+00,-1.23709620080481782e+04,2.58270145298714893e-01,7.17378328292130352e+00,-3.45157095248672041e+00,-3.45157095248672041e+00,1.00000000000000004e-10,0.00000000000000000e+00,1.00000000000005446e+03,4.07499591419786498e+01,4.07499998919400095e+04,1,1.00000000000000000e+00,positivity,check_positivity_false,0.00000000000000000e+00,0.00000000000000000e+00,0.00000000000000000e+00,0.00000000000000000e+00,2HDMC-patched:check_stability==check_positivity,0.00000000000000000e+00,0.00000000000000000e+00,0.00000000000000000e+00,nan,0.00000000000000000e+00,-5.74993274022039031e+01,5.74993274022039031e+01,5.74993274022039031e+01,5.74993274022039031e+01,3.92309077036673493e-09,1.75213231423946600e-10,0.00000000000000000e+00,4.14221289486895524e-10,0.00000000000000000e+00,0.00000000000000000e+00,2.32781441352437237e-07,1.06665344617991400e-07,1.28927420728957271e-09,0.00000000000000000e+00,3.45251476173107176e-07,2.89070411138542233e-12,1.13629949214169874e-02,5.07494517810825078e-04,0.00000000000000000e+00,1.19976688898849860e-03,0.00000000000000000e+00,0.00000000000000000e+00,6.74237352820822977e-01,3.08949713409798654e-01,3.73430469169996459e-03,0.00000000000000000e+00,1.00000000000000000e+00,5.71545653004134752e-07
dihiggs.point.v2,DihiggsPointV2Evaluator,f7cce2aecfafb5f8e25f26ae0b917adcf5894989,no,THDM::set_param_phys+THDM::get_param_gen+THDM::get_coupling_hhh+2HDMC::DecayTable,issue62-yukawa-order-recompute-v2,off_seed_tanbeta_perturbation,point_2d183c20db3376a8,1,1.00000000000000000e+00,1.25129999999999995e+02,2.00000000000000000e+02,5.00000000000000000e+02,5.00000000000000000e+02,1.00000000000000000e+00,1.00000000000000000e+03,1.56979632712822981e+00,4.10000000000000000e+04,4.09999590000387713e+01,1.00000000000000004e-10,0.00000000000000000e+00,-1.64947044574452884e+04,2.58270141174972490e-01,7.16965954047190746e+00,-3.44744721003732302e+00,-3.44744721003732302e+00,1.00000000000000004e-10,0.00000000000000000e+00,1.00000000000005446e+03,4.09999590010579169e+01,4.10000000010191507e+04,1,1.00000000000000000e+00,positivity,check_positivity_false,0.00000000000000000e+00,0.00000000000000000e+00,0.00000000000000000e+00,0.00000000000000000e+00,2HDMC-patched:check_stability==check_positivity,0.00000000000000000e+00,0.00000000000000000e+00,0.00000000000000000e+00,nan,0.00000000000000000e+00,-5.54686269769985074e+01,5.54686269769985074e+01,5.54686269769985074e+01,5.54686269769985074e+01,3.92309077036673493e-09,1.75213231423946600e-10,0.00000000000000000e+00,4.14221289486895524e-10,0.00000000000000000e+00,0.00000000000000000e+00,4.13094139144506449e-07,1.89428445364595902e-07,1.28927420728957271e-09,0.00000000000000000e+00,6.08327274711780850e-07,2.89070411138542233e-12,6.44898056268388559e-03,2.88024618831961483e-04,0.00000000000000000e+00,6.80918490270141625e-04,0.00000000000000000e+00,0.00000000000000000e+00,6.79065621938825914e-01,3.11392326530723351e-01,2.11937596896410313e-03,0.00000000000000000e+00,1.00000000000000000e+00,3.24376349052393687e-07
dihiggs.point.v2,DihiggsPointV2Evaluator,f7cce2aecfafb5f8e25f26ae0b917adcf5894989,no,THDM::set_param_phys+THDM::get_param_gen+THDM::get_coupling_hhh+2HDMC::DecayTable,issue62-yukawa-order-recompute-v2,off_seed_tanbeta_perturbation,point_4c9d1285a2122a0f,1,1.00000000000000000e+00,1.25129999999999995e+02,2.05000000000000000e+02,5.00000000000000000e+02,5.00000000000000000e+02,1.00000000000000000e+00,1.00000000000000000e+03,1.56979632712822981e+00,3.99999995713761018e+04,3.99999595714143510e+01,1.00000000000000004e-10,0.00000000000000000e+00,3.34025648632350130e+04,2.58270191072241806e-01,7.15275221074640832e+00,-3.46394217983491037e+00,-3.46394217983491037e+00,1.00000000000000004e-10,0.00000000000000000e+00,1.00000000000005446e+03,3.99999595701978237e+01,3.99999995701595690e+04,1,1.00000000000000000e+00,unitarity,check_unitarity_false,1.00000000000000000e+00,0.00000000000000000e+00,0.00000000000000000e+00,1.00000000000000000e+00,2HDMC-patched:check_stability==check_positivity,0.00000000000000000e+00,0.00000000000000000e+00,0.00000000000000000e+00,nan,0.00000000000000000e+00,-8.00400950716978059e+01,8.00400950716978059e+01,8.00400950716978059e+01,8.00400950716978059e+01,4.00245899813667387e-09,1.78730579934482550e-10,0.00000000000000000e+00,4.24586513431126562e-10,0.00000000000000000e+00,0.00000000000000000e+00,1.81360805081441082e-06,8.66452887359783567e-07,1.39477068452296658e-09,0.00000000000000000e+00,2.68606444083756414e-06,2.95588734475297479e-12,1.49008301412479650e-03,6.65399449161208745e-05,0.00000000000000000e+00,1.58070114393358592e-04,0.00000000000000000e+00,0.00000000000000000e+00,6.75191564000189981e-01,3.22573380663052023e-01,5.19261810445639013e-04,0.00000000000000000e+00,1.00000000000000000e+00,7.34632339417999320e-08
dihiggs.point.v2,DihiggsPointV2Evaluator,f7cce2aecfafb5f8e25f26ae0b917adcf5894989,no,THDM::set_param_phys+THDM::get_param_gen+THDM::get_coupling_hhh+2HDMC::DecayTable,issue62-yukawa-order-recompute-v2,off_seed_tanbeta_perturbation,point_f21ae80ea69a89f6,1,1.00000000000000000e+00,1.25129999999999995e+02,2.05000000000000000e+02,5.00000000000000000e+02,5.00000000000000000e+02,1.00000000000000000e+00,1.00000000000000000e+03,1.56979632712822981e+00,4.02499996785320764e+04,4.02499594285704561e+01,1.00000000000000004e-10,0.00000000000000000e+00,2.92788224138379082e+04,2.58270186948499292e-01,7.14862846829701137e+00,-3.45981843738551342e+00,-3.45981843738551342e+00,1.00000000000000004e-10,0.00000000000000000e+00,1.00000000000005446e+03,4.02499594274580943e+01,4.02499996774197134e+04,1,1.00000000000000000e+00,unitarity,check_unitarity_false,1.00000000000000000e+00,0.00000000000000000e+00,0.00000000000000000e+00,1.00000000000000000e+00,2HDMC-patched:check_stability==check_positivity,0.00000000000000000e+00,0.00000000000000000e+00,0.00000000000000000e+00,nan,0.00000000000000000e+00,-7.80093946464921828e+01,7.80093946464921828e+01,7.80093946464921828e+01,7.80093946464921828e+01,4.00245899813667387e-09,1.78730579934482550e-10,0.00000000000000000e+00,4.24586513431126562e-10,0.00000000000000000e+00,0.00000000000000000e+00,1.39292099665384630e-06,6.65573156314863174e-07,1.39477068452296658e-09,0.00000000000000000e+00,2.06449765563207966e-06,2.95588734475297479e-12,1.93870842488859862e-03,8.65733993191487915e-05,0.00000000000000000e+00,2.05660932708171310e-04,0.00000000000000000e+00,0.00000000000000000e+00,6.74702145024902333e-01,3.22389882351833967e-01,6.75598095603520887e-04,0.00000000000000000e+00,1.00000000000000000e+00,9.55811113961207874e-08
dihiggs.point.v2,DihiggsPointV2Evaluator,f7cce2aecfafb5f8e25f26ae0b917adcf5894989,no,THDM::set_param_phys+THDM::get_param_gen+THDM::get_coupling_hhh+2HDMC::DecayTable,issue62-yukawa-order-recompute-v2,off_seed_tanbeta_perturbation,point_168ad178689f9cad,1,1.00000000000000000e+00,1.25129999999999995e+02,2.05000000000000000e+02,5.00000000000000000e+02,5.00000000000000000e+02,1.00000000000000000e+00,1.00000000000000000e+03,1.56979632712822981e+00,4.04999997856880509e+04,4.04999592857265611e+01,1.00000000000000004e-10,0.00000000000000000e+00,2.51550799644409162e+04,2.58270182824756889e-01,7.14450472584761442e+00,-3.45569469493611692e+00,-3.45569469493611692e+00,1.00000000000000004e-10,0.00000000000000000e+00,1.00000000000005446e+03,4.04999592865373614e+01,4.04999997864988545e+04,1,1.00000000000000000e+00,unitarity,check_unitarity_false,1.00000000000000000e+00,0.00000000000000000e+00,0.00000000000000000e+00,1.00000000000000000e+00,2HDMC-patched:check_stability==check_positivity,0.00000000000000000e+00,0.00000000000000000e+00,0.00000000000000000e+00,nan,0.00000000000000000e+00,-7.59786942212859913e+01,7.59786942212859913e+01,7.59786942212859913e+01,7.59786942212859913e+01,4.00245899813667387e-09,1.78730579934482550e-10,0.00000000000000000e+00,4.24586513431126562e-10,0.00000000000000000e+00,0.00000000000000000e+00,1.02766640055047190e-06,4.91147032141321923e-07,1.39477068452296658e-09,0.00000000000000000e+00,1.52481693535516379e-06,2.95588734475297479e-12,2.62487837414031094e-03,1.17214450987752330e-04,0.00000000000000000e+00,2.78450811757432993e-04,0.00000000000000000e+00,0.00000000000000000e+00,6.73960510748856212e-01,3.22102293562815667e-01,9.14713531954636531e-04,0.00000000000000000e+00,1.00000000000000000e+00,1.29410275964726333e-07
dihiggs.point.v2,DihiggsPointV2Evaluator,f7cce2aecfafb5f8e25f26ae0b917adcf5894989,no,THDM::set_param_phys+THDM::get_param_gen+THDM::get_coupling_hhh+2HDMC::DecayTable,issue62-yukawa-order-recompute-v2,off_seed_tanbeta_perturbation,point_2ed4da73261b7d60,1,1.00000000000000000e+00,1.25129999999999995e+02,2.05000000000000000e+02,5.00000000000000000e+02,5.00000000000000000e+02,1.00000000000000000e+00,1.00000000000000000e+03,1.56979632712822981e+00,4.07499998928440255e+04,4.07499591428826591e+01,1.00000000000000004e-10,0.00000000000000000e+00,2.10313375150439242e+04,2.58270178701014430e-01,7.14038098339821925e+00,-3.45157095248672041e+00,-3.45157095248672041e+00,1.00000000000000004e-10,0.00000000000000000e+00,1.00000000000005446e+03,4.07499591419786498e+01,4.07499998919400095e+04,1,1.00000000000000000e+00,unitarity,check_unitarity_false,1.00000000000000000e+00,0.00000000000000000e+00,0.00000000000000000e+00,1.00000000000000000e+00,2HDMC-patched:check_stability==check_positivity,0.00000000000000000e+00,0.00000000000000000e+00,0.00000000000000000e+00,nan,0.00000000000000000e+00,-7.39479937960805955e+01,7.39479937960805955e+01,7.39479937960805955e+01,7.39479937960805955e+01,4.00245899813667387e-09,1.78730579934482550e-10,0.00000000000000000e+00,4.24586513431126562e-10,0.00000000000000000e+00,0.00000000000000000e+00,7.17844262504276489e-07,3.43174514839153355e-07,1.39477068452296658e-09,0.00000000000000000e+00,1.06702228000680003e-06,2.95588734517649126e-12,3.75105475596176560e-03,1.67504074922731255e-04,0.00000000000000000e+00,3.97917195720056283e-04,0.00000000000000000e+00,0.00000000000000000e+00,6.72754708083229236e-01,3.21618883943985079e-01,1.30716172535223709e-03,0.00000000000000000e+00,1.00000000000000000e+00,1.84932389976657721e-07
dihiggs.point.v2,DihiggsPointV2Evaluator,f7cce2aecfafb5f8e25f26ae0b917adcf5894989,no,THDM::set_param_phys+THDM::get_param_gen+THDM::get_coupling_hhh+2HDMC::DecayTable,issue62-yukawa-order-recompute-v2,off_seed_tanbeta_perturbation,point_b0db49e38d814689,1,1.00000000000000000e+00,1.25129999999999995e+02,2.05000000000000000e+02,5.00000000000000000e+02,5.00000000000000000e+02,1.00000000000000000e+00,1.00000000000000000e+03,1.56979632712822981e+00,4.10000000000000000e+04,4.09999590000387713e+01,1.00000000000000004e-10,0.00000000000000000e+00,1.69075950656468121e+04,2.58270174577272027e-01,7.13625724094882141e+00,-3.44744721003732302e+00,-3.44744721003732302e+00,1.00000000000000004e-10,0.00000000000000000e+00,1.00000000000005446e+03,4.09999590010579169e+01,4.10000000010191507e+04,1,1.00000000000000000e+00,unitarity,check_unitarity_false,1.00000000000000000e+00,0.00000000000000000e+00,0.00000000000000000e+00,1.00000000000000000e+00,2HDMC-patched:check_stability==check_positivity,0.00000000000000000e+00,0.00000000000000000e+00,0.00000000000000000e+00,nan,0.00000000000000000e+00,-7.19172933708747451e+01,7.19172933708747451e+01,7.19172933708747451e+01,7.19172933708747451e+01,4.00245899813667387e-09,1.78730579934482550e-10,0.00000000000000000e+00,4.24586513431126562e-10,0.00000000000000000e+00,0.00000000000000000e+00,4.63454582515252612e-07,2.21655604408354507e-07,1.39477068452296658e-09,0.00000000000000000e+00,6.91113689586977250e-07,2.95588734485885391e-12,5.79131777946493859e-03,2.58612414465839006e-04,0.00000000000000000e+00,6.14351183934538458e-04,0.00000000000000000e+00,0.00000000000000000e+00,6.70590945452436249e-01,3.20722346768764099e-01,2.01814940947922516e-03,0.00000000000000000e+00,1.00000000000000000e+00,2.85520289024988605e-07
dihiggs.point.v2,DihiggsPointV2Evaluator,f7cce2aecfafb5f8e25f26ae0b917adcf5894989,no,THDM::set_param_phys+THDM::get_param_gen+THDM::get_coupling_hhh+2HDMC::DecayTable,issue62-yukawa-order-recompute-v2,off_seed_tanbeta_perturbation,point_00f101993d721f0d,1,1.00000000000000000e+00,1.25129999999999995e+02,2.10000000000000000e+02,5.00000000000000000e+02,5.00000000000000000e+02,1.00000000000000000e+00,1.00000000000000000e+03,1.56979632712822981e+00,3.99999995713761018e+04,3.99999595714143510e+01,1.00000000000000004e-10,0.00000000000000000e+00,6.76296125226997392e+04,2.58270225299289391e-01,7.11852516308694927e+00,-3.46394217983491037e+00,-3.46394217983491037e+00,1.00000000000000004e-10,0.00000000000000000e+00,1.00000000000005446e+03,3.99999595701978237e+01,3.99999995701595690e+04,1,1.00000000000000000e+00,unitarity,check_unitarity_false,1.00000000000000000e+00,0.00000000000000000e+00,0.00000000000000000e+00,1.00000000000000000e+00,2HDMC-patched:check_stability==check_positivity,0.00000000000000000e+00,0.00000000000000000e+00,0.00000000000000000e+00,nan,0.00000000000000000e+00,-9.68949013765339942e+01,9.68949013765339942e+01,9.68949013765339942e+01,9.68949013765339942e+01,4.08151231704720871e-09,1.82234710406950210e-10,0.00000000000000000e+00,4.34951509536985950e-10,0.00000000000000000e+00,0.00000000000000000e+00,8.02113340975111802e-06,3.96476000532326272e-06,1.50696131659804005e-09,0.00000000000000000e+00,1.19921020958912231e-05,3.02096325385803333e-12,3.40350030746121746e-04,1.51962273961450113e-05,0.00000000000000000e+00,3.62698304316480560e-05,0.00000000000000000e+00,0.00000000000000000e+00,6.68868005426617174e-01,3.30614263756283666e-01,1.25662815788931651e-04,0.00000000000000000e+00,1.00000000000000000e+00,1.64547448664241174e-08
dihiggs.point.v2,DihiggsPointV2Evaluator,f7cce2aecfafb5f8e25f26ae0b917adcf5894989,no,THDM::set_param_phys+THDM::get_param_gen+THDM::get_coupling_hhh+2HDMC::DecayTable,issue62-yukawa-order-recompute-v2,off_seed_tanbeta_perturbation,point_838a7bfc7798f6ac,1,1.00000000000000000e+00,1.25129999999999995e+02,2.10000000000000000e+02,5.00000000000000000e+02,5.00000000000000000e+02,1.00000000000000000e+00,1.00000000000000000e+03,1.56979632712822981e+00,4.02499996785320764e+04,4.02499594285704561e+01,1.00000000000000004e-10,0.00000000000000000e+00,6.35058700733026271e+04,2.58270221175546988e-01,7.11440142063755321e+00,-3.45981843738551342e+00,-3.45981843738551342e+00,1.00000000000000004e-10,0.00000000000000000e+00,1.00000000000005446e+03,4.02499594274580943e+01,4.02499996774197134e+04,1,1.00000000000000000e+00,unitarity,check_unitarity_false,1.00000000000000000e+00,0.00000000000000000e+00,0.00000000000000000e+00,1.00000000000000000e+00,2HDMC-patched:check_stability==check_positivity,0.00000000000000000e+00,0.00000000000000000e+00,0.00000000000000000e+00,nan,0.00000000000000000e+00,-9.48642009513283710e+01,9.48642009513283710e+01,9.48642009513283710e+01,9.48642009513283710e+01,4.08151231704720871e-09,1.82234710406950210e-10,0.00000000000000000e+00,4.34951509536985950e-10,0.00000000000000000e+00,0.00000000000000000e+00,7.07215992864186477e-06,3.49581728199326213e-06,1.50696131659804005e-09,0.00000000000000000e+00,1.05741858914519684e-05,3.02096325385803333e-12,3.85988326566742972e-04,1.72339234696324310e-05,0.00000000000000000e+00,4.11333330056732759e-05,0.00000000000000000e+00,0.00000000000000000e+00,6.68813656317400751e-01,3.30599189183843900e-01,1.42513223435597778e-04,0.00000000000000000e+00,1.00000000000000000e+00,1.86611983584964687e-08
dihiggs.point.v2,DihiggsPointV2Evaluator,f7cce2aecfafb5f8e25f26ae0b917adcf5894989,no,THDM::set_param_phys+THDM::get_param_gen+THDM::get_coupling_hhh+2HDMC::DecayTable,issue62-yukawa-order-recompute-v2,off_seed_tanbeta_perturbation,point_baa3e6c100b82437,1,1.00000000000000000e+00,1.25129999999999995e+02,2.10000000000000000e+02,5.00000000000000000e+02,5.00000000000000000e+02,1.00000000000000000e+00,1.00000000000000000e+03,1.56979632712822981e+00,4.04999997856880509e+04,4.04999592857265611e+01,1.00000000000000004e-10,0.00000000000000000e+00,5.93821276239056388e+04,2.58270217051804529e-01,7.11027767818815626e+00,-3.45569469493611692e+00,-3.45569469493611692e+00,1.00000000000000004e-10,0.00000000000000000e+00,1.00000000000005446e+03,4.04999592847183720e+01,4.04999997846798651e+04,1,1.00000000000000000e+00,unitarity,check_unitarity_false,1.00000000000000000e+00,0.00000000000000000e+00,0.00000000000000000e+00,1.00000000000000000e+00,2HDMC-patched:check_stability==check_positivity,0.00000000000000000e+00,0.00000000000000000e+00,0.00000000000000000e+00,nan,0.00000000000000000e+00,-9.28335005261224069e+01,9.28335005261224069e+01,9.28335005261224069e+01,9.28335005261224069e+01,4.08151231704720871e-09,1.82234710406950210e-10,0.00000000000000000e+00,4.34951509536985950e-10,0.00000000000000000e+00,0.00000000000000000e+00,6.18291114827577605e-06,3.05637963671517480e-06,1.50696131659804005e-09,0.00000000000000000e+00,9.24549946580779235e-06,3.02096325216396743e-12,4.41459364325494689e-04,1.97106398719615409e-05,0.00000000000000000e+00,4.70446741298885139e-05,0.00000000000000000e+00,0.00000000000000000e+00,6.68748202424515159e-01,3.30580262106816791e-01,1.62994040740704828e-04,0.00000000000000000e+00,1.00000000000000000e+00,2.13430308583938967e-08
dihiggs.point.v2,DihiggsPointV2Evaluator,f7cce2aecfafb5f8e25f26ae0b917adcf5894989,no,THDM::set_param_phys+THDM::get_param_gen+THDM::get_coupling_hhh+2HDMC::DecayTable,issue62-yukawa-order-recompute-v2,off_seed_tanbeta_perturbation,point_6b1c38cf08187bce,1,1.00000000000000000e+00,1.25129999999999995e+02,2.10000000000000000e+02,5.00000000000000000e+02,5.00000000000000000e+02,1.00000000000000000e+00,1.00000000000000000e+03,1.56979632712822981e+00,4.07499998928440255e+04,4.07499591428826591e+01,1.00000000000000004e-10,0.00000000000000000e+00,5.52583851745086504e+04,2.58270212928062071e-01,7.10615393573875931e+00,-3.45157095248672041e+00,-3.45157095248672041e+00,1.00000000000000004e-10,0.00000000000000000e+00,1.00000000000005446e+03,4.07499591419786498e+01,4.07499998919400095e+04,1,1.00000000000000000e+00,unitarity,check_unitarity_false,1.00000000000000000e+00,0.00000000000000000e+00,0.00000000000000000e+00,1.00000000000000000e+00,2HDMC-patched:check_stability==check_positivity,0.00000000000000000e+00,0.00000000000000000e+00,0.00000000000000000e+00,nan,0.00000000000000000e+00,-9.08028001009165564e+01,9.08028001009165564e+01,9.08028001009165564e+01,9.08028001009165564e+01,4.08151231704720871e-09,1.82234710406950210e-10,0.00000000000000000e+00,4.34951509536985950e-10,0.00000000000000000e+00,0.00000000000000000e+00,5.35338706865282476e-06,2.64644706948898973e-06,1.50696131659804005e-09,0.00000000000000000e+00,8.00604281895865599e-06,3.02096325385803333e-12,5.09803958003073759e-04,2.27621453604283178e-05,0.00000000000000000e+00,5.43279019826126743e-05,0.00000000000000000e+00,0.00000000000000000e+00,6.68668303394002850e-01,3.30556197279146258e-01,1.88227986119371041e-04,0.00000000000000000e+00,1.00000000000000000e+00,2.46472551873843550e-08
dihiggs.point.v2,DihiggsPointV2Evaluator,f7cce2aecfafb5f8e25f26ae0b917adcf5894989,no,THDM::set_param_phys+THDM::get_param_gen+THDM::get_coupling_hhh+2HDMC::DecayTable,issue62-yukawa-order-recompute-v2,off_seed_tanbeta_perturbation,point_d242686c481e5bdb,1,1.00000000000000000e+00,1.25129999999999995e+02,2.10000000000000000e+02,5.00000000000000000e+02,5.00000000000000000e+02,1.00000000000000000e+00,1.00000000000000000e+03,1.56979632712822981e+00,4.10000000000000000e+04,4.09999590000387713e+01,1.00000000000000004e-10,0.00000000000000000e+00,5.11346427251115383e+04,2.58270208804319668e-01,7.10203019328936325e+00,-3.44744721003732302e+00,-3.44744721003732302e+00,1.00000000000000004e-10,0.00000000000000000e+00,1.00000000000005446e+03,4.09999590010579169e+01,4.10000000010191507e+04,1,1.00000000000000000e+00,unitarity,check_unitarity_false,1.00000000000000000e+00,0.00000000000000000e+00,0.00000000000000000e+00,1.00000000000000000e+00,2HDMC-patched:check_stability==check_positivity,0.00000000000000000e+00,0.00000000000000000e+00,0.00000000000000000e+00,nan,0.00000000000000000e+00,-8.87720996757110470e+01,8.87720996757110470e+01,8.87720996757110470e+01,8.87720996757110470e+01,4.08151231704720871e-09,1.82234710406950210e-10,0.00000000000000000e+00,4.34951509536985950e-10,0.00000000000000000e+00,0.00000000000000000e+00,4.58358768977298211e-06,2.26601958031469251e-06,1.50696131659804005e-09,0.00000000000000000e+00,6.85581595090451696e-06,3.02096325301100038e-12,5.95335747965742516e-04,2.65810388890190685e-05,0.00000000000000000e+00,6.34427050918134607e-05,0.00000000000000000e+00,0.00000000000000000e+00,6.68569244360804338e-01,3.30525147778467865e-01,2.19807726372704069e-04,0.00000000000000000e+00,1.00000000000000000e+00,2.87824209128551372e-08
dihiggs.point.v2,DihiggsPointV2Evaluator,f7cce2aecfafb5f8e25f26ae0b917adcf5894989,no,THDM::set_param_phys+THDM::get_param_gen+THDM::get_coupling_hhh+2HDMC::DecayTable,issue62-yukawa-order-recompute-v2,off_seed_tanbeta_perturbation,point_d843e0ed92eb6804,1,1.00000000000000000e+00,1.25129999999999995e+02,2.15000000000000000e+02,5.00000000000000000e+02,5.00000000000000000e+02,1.00000000000000000e+00,1.00000000000000000e+03,1.56979632712822981e+00,3.99999995713761018e+04,3.99999595714143510e+01,1.00000000000000004e-10,0.00000000000000000e+00,1.02681408318537084e+05,2.58270260351085246e-01,7.08347336729111721e+00,-3.46394217983491037e+00,-3.46394217983491037e+00,1.00000000000000004e-10,0.00000000000000000e+00,1.00000000000005446e+03,3.99999595701978237e+01,3.99999995701595690e+04,1,1.00000000000000000e+00,unitarity,check_unitarity_false,1.00000000000000000e+00,0.00000000000000000e+00,0.00000000000000000e+00,1.00000000000000000e+00,2HDMC-patched:check_stability==check_positivity,0.00000000000000000e+00,0.00000000000000000e+00,0.00000000000000000e+00,nan,0.00000000000000000e+00,-1.14155847592329906e+02,1.14155847592329906e+02,1.14155847592329906e+02,1.14155847592329906e+02,4.16026112597482554e-09,1.85726024568542632e-10,0.00000000000000000e+00,4.45316293695668064e-10,0.00000000000000000e+00,0.00000000000000000e+00,1.98983975462238642e-05,1.01519846464236630e-05,1.62624171184917811e-09,0.00000000000000000e+00,3.00568028237386861e-05,3.08593506854310494e-12,1.38413295331899904e-04,6.17916767986571450e-06,0.00000000000000000e+00,1.48158237689858315e-05,0.00000000000000000e+00,0.00000000000000000e+00,6.62026419207442318e-01,3.37759964223662723e-01,5.41056120102295749e-05,0.00000000000000000e+00,1.00000000000000000e+00,6.56513540569099736e-09
dihiggs.point.v2,DihiggsPointV2Evaluator,f7cce2aecfafb5f8e25f26ae0b917adcf5894989,no,THDM::set_param_phys+THDM::get_param_gen+THDM::get_coupling_hhh+2HDMC::DecayTable,issue62-yukawa-order-recompute-v2,off_seed_tanbeta_perturbation,point_8ac59acd604c0dc9,1,1.00000000000000000e+00,1.25129999999999995e+02,2.15000000000000000e+02,5.00000000000000000e+02,5.00000000000000000e+02,1.00000000000000000e+00,1.00000000000000000e+03,1.56979632712822981e+00,4.02499996785320764e+04,4.02499594285704561e+01,1.00000000000000004e-10,0.00000000000000000e+00,9.85576658691399789e+04,2.58270256227342787e-01,7.07934962484172203e+00,-3.45981843738551342e+00,-3.45981843738551342e+00,1.00000000000000004e-10,0.00000000000000000e+00,1.00000000000005446e+03,4.02499594292770837e+01,4.02499996792387028e+04,1,1.00000000000000000e+00,unitarity,check_unitarity_false,1.00000000000000000e+00,0.00000000000000000e+00,0.00000000000000000e+00,1.00000000000000000e+00,2HDMC-patched:check_stability==check_positivity,0.00000000000000000e+00,0.00000000000000000e+00,0.00000000000000000e+00,nan,0.00000000000000000e+00,-1.12125147167124510e+02,1.12125147167124510e+02,1.12125147167124510e+02,1.12125147167124510e+02,4.16026112597482554e-09,1.85726024568542632e-10,0.00000000000000000e+00,4.45316293695668064e-10,0.00000000000000000e+00,0.00000000000000000e+00,1.83315528869034364e-05,9.35273664696396965e-06,1.62624171184917811e-09,0.00000000000000000e+00,2.76907101649585650e-05,3.08593506854310494e-12,1.50240318908088601e-04,6.70716003533817441e-06,0.00000000000000000e+00,1.60817938956003087e-05,0.00000000000000000e+00,0.00000000000000000e+00,6.62010933547715563e-01,3.37757196953347438e-01,5.87287831247867024e-05,0.00000000000000000e+00,1.00000000000000000e+00,7.12610760881492462e-09
dihiggs.point.v2,DihiggsPointV2Evaluator,f7cce2aecfafb5f8e25f26ae0b917adcf5894989,no,THDM::set_param_phys+THDM::get_param_gen+THDM::get_coupling_hhh+2HDMC::DecayTable,issue62-yukawa-order-recompute-v2,off_seed_tanbeta_perturbation,point_a7a90d380cd531ba,1,1.00000000000000000e+00,1.25129999999999995e+02,2.15000000000000000e+02,5.00000000000000000e+02,5.00000000000000000e+02,1.00000000000000000e+00,1.00000000000000000e+03,1.56979632712822981e+00,4.04999997856880509e+04,4.04999592857265611e+01,1.00000000000000004e-10,0.00000000000000000e+00,9.44339234197429760e+04,2.58270252103600328e-01,7.07522588239232508e+00,-3.45569469493611692e+00,-3.45569469493611692e+00,1.00000000000000004e-10,0.00000000000000000e+00,1.00000000000005446e+03,4.04999592847183720e+01,4.04999997846798651e+04,1,1.00000000000000000e+00,unitarity,check_unitarity_false,1.00000000000000000e+00,0.00000000000000000e+00,0.00000000000000000e+00,1.00000000000000000e+00,2HDMC-patched:check_stability==check_positivity,0.00000000000000000e+00,0.00000000000000000e+00,0.00000000000000000e+00,nan,0.00000000000000000e+00,-1.10094446741918546e+02,1.10094446741918546e+02,1.10094446741918546e+02,1.10094446741918546e+02,4.16026112597482554e-09,1.85726024568542632e-10,0.00000000000000000e+00,4.45316293695668064e-10,0.00000000000000000e+00,0.00000000000000000e+00,1.68289519415392121e-05,8.58625331693593829e-06,1.62624171184917811e-09,0.00000000000000000e+00,2.54216258895663093e-05,3.08593506854310494e-12,1.63650473972331726e-04,7.30582793466287984e-06,0.00000000000000000e+00,1.75172231559916596e-05,0.00000000000000000e+00,0.00000000000000000e+00,6.61993533169184412e-01,3.37753901116920996e-01,6.39707986780117598e-05,0.00000000000000000e+00,1.00000000000000000e+00,7.76216994370088964e-09
dihiggs.point.v2,DihiggsPointV2Evaluator,f7cce2aecfafb5f8e25f26ae0b917adcf5894989,no,THDM::set_param_phys+THDM::get_param_gen+THDM::get_coupling_hhh+2HDMC::DecayTable,issue62-yukawa-order-recompute-v2,off_seed_tanbeta_perturbation,point_bb49e5a1c563838f,1,1.00000000000000000e+00,1.25129999999999995e+02,2.15000000000000000e+02,5.00000000000000000e+02,5.00000000000000000e+02,1.00000000000000000e+00,1.00000000000000000e+03,1.56979632712822981e+00,4.07499998928440255e+04,4.07499591428826591e+01,1.00000000000000004e-10,0.00000000000000000e+00,9.03101809703460021e+04,2.58270247979857925e-01,7.07110213994292724e+00,-3.45157095248672041e+00,-3.45157095248672041e+00,1.00000000000000004e-10,0.00000000000000000e+00,1.00000000000005446e+03,4.07499591437976392e+01,4.07499998937589990e+04,1,1.00000000000000000e+00,unitarity,check_unitarity_false,1.00000000000000000e+00,0.00000000000000000e+00,0.00000000000000000e+00,1.00000000000000000e+00,2HDMC-patched:check_stability==check_positivity,0.00000000000000000e+00,0.00000000000000000e+00,0.00000000000000000e+00,nan,0.00000000000000000e+00,-1.08063746316712468e+02,1.08063746316712468e+02,1.08063746316712468e+02,1.08063746316712468e+02,4.16026112597482554e-09,1.85726024568542632e-10,0.00000000000000000e+00,4.45316293695668064e-10,0.00000000000000000e+00,0.00000000000000000e+00,1.53905947101311912e-05,7.85253465633954854e-06,1.62624171184917811e-09,0.00000000000000000e+00,2.32495499975618987e-05,3.08593506854310494e-12,1.78939425770008364e-04,7.98837072493958287e-06,0.00000000000000000e+00,1.91537596960959187e-05,0.00000000000000000e+00,0.00000000000000000e+00,6.61973875268344947e-01,3.37749963210600523e-01,6.99472339042999405e-05,0.00000000000000000e+00,1.00000000000000000e+00,8.48734622479544826e-09
dihiggs.point.v2,DihiggsPointV2Evaluator,f7cce2aecfafb5f8e25f26ae0b917adcf5894989,no,THDM::set_param_phys+THDM::get_param_gen+THDM::get_coupling_hhh+2HDMC::DecayTable,issue62-yukawa-order-recompute-v2,off_seed_tanbeta_perturbation,point_d31abdd17bcb0902,1,1.00000000000000000e+00,1.25129999999999995e+02,2.15000000000000000e+02,5.00000000000000000e+02,5.00000000000000000e+02,1.00000000000000000e+00,1.00000000000000000e+03,1.56979632712822981e+00,4.10000000000000000e+04,4.09999590000387713e+01,1.00000000000000004e-10,0.00000000000000000e+00,8.61864385209488828e+04,2.58270243856115522e-01,7.06697839749353207e+00,-3.44744721003732302e+00,-3.44744721003732302e+00,1.00000000000000004e-10,0.00000000000000000e+00,1.00000000000005446e+03,4.09999590010579169e+01,4.10000000010191507e+04,1,1.00000000000000000e+00,unitarity,check_unitarity_false,1.00000000000000000e+00,0.00000000000000000e+00,0.00000000000000000e+00,1.00000000000000000e+00,2HDMC-patched:check_stability==check_positivity,0.00000000000000000e+00,0.00000000000000000e+00,0.00000000000000000e+00,nan,0.00000000000000000e+00,-1.06033045891507413e+02,1.06033045891507413e+02,1.06033045891507413e+02,1.06033045891507413e+02,4.16026112597482554e-09,1.85726024568542632e-10,0.00000000000000000e+00,4.45316293695668064e-10,0.00000000000000000e+00,0.00000000000000000e+00,1.40164811926792907e-05,7.15158066517476483e-06,1.62624171184917811e-09,0.00000000000000000e+00,2.11744824889452179e-05,3.08593507193123673e-12,1.96475220971601848e-04,8.77121906830575699e-06,0.00000000000000000e+00,2.10307994033931621e-05,0.00000000000000000e+00,0.00000000000000000e+00,6.61951535297121030e-01,3.37745239767180350e-01,7.68019578612231445e-05,0.00000000000000000e+00,1.00000000000000000e+00,9.31909341836432340e-09
dihiggs.point.v2,DihiggsPointV2Evaluator,f7cce2aecfafb5f8e25f26ae0b917adcf5894989,no,THDM::set_param_phys+THDM::get_param_gen+THDM::get_coupling_hhh+2HDMC::DecayTable,issue62-yukawa-order-recompute-v2,off_seed_tanbeta_perturbation,point_2fd49e22adfd69dc,1,1.00000000000000000e+00,1.25129999999999995e+02,2.20000000000000000e+02,5.00000000000000000e+02,5.00000000000000000e+02,1.00000000000000000e+00,1.00000000000000000e+03,1.56979632712822981e+00,3.99999995713761018e+04,3.99999595714143510e+01,1.00000000000000004e-10,0.00000000000000000e+00,1.38557952250747039e+05,2.58270296227629148e-01,7.04759682335891391e+00,-3.46394217983491037e+00,-3.46394217983491037e+00,1.00000000000000004e-10,0.00000000000000000e+00,1.00000000000005446e+03,3.99999595701978237e+01,3.99999995701595690e+04,1,1.00000000000000000e+00,unitarity,check_unitarity_false,1.00000000000000000e+00,0.00000000000000000e+00,0.00000000000000000e+00,1.00000000000000000e+00,2HDMC-patched:check_stability==check_positivity,0.00000000000000000e+00,0.00000000000000000e+00,0.00000000000000000e+00,nan,0.00000000000000000e+00,-1.31822933719085881e+02,1.31822933719085881e+02,1.31822933719085881e+02,1.31822933719085881e+02,4.23871520678441807e-09,1.89204902603787954e-10,0.00000000000000000e+00,4.55680880354207748e-10,0.00000000000000000e+00,0.00000000000000000e+00,3.89217865000896673e-05,2.04481715685385320e-05,1.75304064082120272e-09,0.00000000000000000e+00,5.93765978610646191e-05,3.15080585591449164e-12,7.13869665739790828e-05,3.18652313233757096e-06,0.00000000000000000e+00,7.67441882440715206e-06,0.00000000000000000e+00,0.00000000000000000e+00,6.55507184685165112e-01,3.44380990241058227e-01,2.95241004700731559e-05,0.00000000000000000e+00,1.00000000000000000e+00,3.32331234035546583e-09
dihiggs.point.v2,DihiggsPointV2Evaluator,f7cce2aecfafb5f8e25f26ae0b917adcf5894989,no,THDM::set_param_phys+THDM::get_param_gen+THDM::get_coupling_hhh+2HDMC::DecayTable,issue62-yukawa-order-recompute-v2,off_seed_tanbeta_perturbation,point_e4488d5e048e9331,1,1.00000000000000000e+00,1.25129999999999995e+02,2.20000000000000000e+02,5.00000000000000000e+02,5.00000000000000000e+02,1.00000000000000000e+00,1.00000000000000000e+03,1.56979632712822981e+00,4.02499996785320764e+04,4.02499594285704561e+01,1.00000000000000004e-10,0.00000000000000000e+00,1.34434209801349934e+05,2.58270292103886745e-01,7.04347308090951696e+00,-3.45981843738551342e+00,-3.45981843738551342e+00,1.00000000000000004e-10,0.00000000000000000e+00,1.00000000000005446e+03,4.02499594274580943e+01,4.02499996774197134e+04,1,1.00000000000000000e+00,unitarity,check_unitarity_false,1.00000000000000000e+00,0.00000000000000000e+00,0.00000000000000000e+00,1.00000000000000000e+00,2HDMC-patched:check_stability==check_positivity,0.00000000000000000e+00,0.00000000000000000e+00,0.00000000000000000e+00,nan,0.00000000000000000e+00,-1.29792233293880031e+02,1.29792233293880031e+02,1.29792233293880031e+02,1.29792233293880031e+02,4.23871520678441807e-09,1.89204902603787954e-10,0.00000000000000000e+00,4.55680880354207748e-10,0.00000000000000000e+00,0.00000000000000000e+00,3.66387541995784043e-05,1.92489043796690971e-05,1.75304064082120272e-09,0.00000000000000000e+00,5.58942983716839245e-05,3.15080586269075522e-12,7.58344827695655140e-05,3.38504835225982974e-06,0.00000000000000000e+00,8.15254674679047172e-06,0.00000000000000000e+00,0.00000000000000000e+00,6.55500744565023719e-01,3.44380463489646405e-01,3.13634966694437294e-05,0.00000000000000000e+00,1.00000000000000000e+00,3.53035973522419113e-09
dihiggs.point.v2,DihiggsPointV2Evaluator,f7cce2aecfafb5f8e25f26ae0b917adcf5894989,no,THDM::set_param_phys+THDM::get_param_gen+THDM::get_coupling_hhh+2HDMC::DecayTable,issue62-yukawa-order-recompute-v2,off_seed_tanbeta_perturbation,point_4f045ab91dbd7a02,1,1.00000000000000000e+00,1.25129999999999995e+02,2.20000000000000000e+02,5.00000000000000000e+02,5.00000000000000000e+02,1.00000000000000000e+00,1.00000000000000000e+03,1.56979632712822981e+00,4.04999997856880509e+04,4.04999592857265611e+01,1.00000000000000004e-10,0.00000000000000000e+00,1.30310467351952961e+05,2.58270287980144231e-01,7.03934933846012001e+00,-3.45569469493611692e+00,-3.45569469493611692e+00,1.00000000000000004e-10,0.00000000000000000e+00,1.00000000000005446e+03,4.04999592847183720e+01,4.04999997846798651e+04,1,1.00000000000000000e+00,unitarity,check_unitarity_false,1.00000000000000000e+00,0.00000000000000000e+00,0.00000000000000000e+00,1.00000000000000000e+00,2HDMC-patched:check_stability==check_positivity,0.00000000000000000e+00,0.00000000000000000e+00,0.00000000000000000e+00,nan,0.00000000000000000e+00,-1.27761532868674067e+02,1.27761532868674067e+02,1.27761532868674067e+02,1.27761532868674067e+02,4.23871520678441807e-09,1.89204902603787954e-10,0.00000000000000000e+00,4.55680880354207748e-10,0.00000000000000000e+00,0.00000000000000000e+00,3.44247185813632573e-05,1.80858758826085283e-05,1.75304064082120272e-09,0.00000000000000000e+00,5.25172342564082087e-05,3.15080586269075522e-12,8.07109374056042488e-05,3.60272023618039215e-06,0.00000000000000000e+00,8.67678747379209298e-06,0.00000000000000000e+00,0.00000000000000000e+00,6.55493745411064088e-01,3.44379823855664513e-01,3.33802925009763773e-05,0.00000000000000000e+00,1.00000000000000000e+00,3.75737571092525593e-09
dihiggs.point.v2,DihiggsPointV2Evaluator,f7cce2aecfafb5f8e25f26ae0b917adcf5894989,no,THDM::set_param_phys+THDM::get_param_gen+THDM::get_coupling_hhh+2HDMC::DecayTable,issue62-yukawa-order-recompute-v2,off_seed_tanbeta_perturbation,point_1635fc2258aa5577,1,1.00000000000000000e+00,1.25129999999999995e+02,2.20000000000000000e+02,5.00000000000000000e+02,5.00000000000000000e+02,1.00000000000000000e+00,1.00000000000000000e+03,1.56979632712822981e+00,4.07499998928440255e+04,4.07499591428826591e+01,1.00000000000000004e-10,0.00000000000000000e+00,1.26186724902555943e+05,2.58270283856401828e-01,7.03522559601072395e+00,-3.45157095248672041e+00,-3.45157095248672041e+00,1.00000000000000004e-10,0.00000000000000000e+00,1.00000000000005446e+03,4.07499591437976392e+01,4.07499998937589990e+04,1,1.00000000000000000e+00,unitarity,check_unitarity_false,1.00000000000000000e+00,0.00000000000000000e+00,0.00000000000000000e+00,1.00000000000000000e+00,2HDMC-patched:check_stability==check_positivity,0.00000000000000000e+00,0.00000000000000000e+00,0.00000000000000000e+00,nan,0.00000000000000000e+00,-1.25730832443468444e+02,1.25730832443468444e+02,1.25730832443468444e+02,1.25730832443468444e+02,4.23871520678441807e-09,1.89204902603787954e-10,0.00000000000000000e+00,4.55680880354207748e-10,0.00000000000000000e+00,0.00000000000000000e+00,3.22796796454440842e-05,1.69590860773567476e-05,1.75304064082120272e-09,0.00000000000000000e+00,4.92454055152372549e-05,3.15080586269075522e-12,8.60733130824335957e-05,3.84208233487376160e-06,0.00000000000000000e+00,9.25326689031352072e-06,0.00000000000000000e+00,0.00000000000000000e+00,6.55486117084694841e-01,3.44379052216543469e-01,3.55980547318020580e-05,0.00000000000000000e+00,1.00000000000000000e+00,4.00701300629850879e-09
dihiggs.point.v2,DihiggsPointV2Evaluator,f7cce2aecfafb5f8e25f26ae0b917adcf5894989,no,THDM::set_param_phys+THDM::get_param_gen+THDM::get_coupling_hhh+2HDMC::DecayTable,issue62-yukawa-order-recompute-v2,off_seed_tanbeta_perturbation,point_985efe6e55ee729a,1,1.00000000000000000e+00,1.25129999999999995e+02,2.20000000000000000e+02,5.00000000000000000e+02,5.00000000000000000e+02,1.00000000000000000e+00,1.00000000000000000e+03,1.56979632712822981e+00,4.10000000000000000e+04,4.09999590000387713e+01,1.00000000000000004e-10,0.00000000000000000e+00,1.22062982453158853e+05,2.58270279732659425e-01,7.03110185356132789e+00,-3.44744721003732302e+00,-3.44744721003732302e+00,1.00000000000000004e-10,0.00000000000000000e+00,1.00000000000005446e+03,4.09999590010579169e+01,4.10000000010191507e+04,1,1.00000000000000000e+00,unitarity,check_unitarity_false,1.00000000000000000e+00,0.00000000000000000e+00,0.00000000000000000e+00,1.00000000000000000e+00,2HDMC-patched:check_stability==check_positivity,0.00000000000000000e+00,0.00000000000000000e+00,0.00000000000000000e+00,nan,0.00000000000000000e+00,-1.23700132018263162e+02,1.23700132018263162e+02,1.23700132018263162e+02,1.23700132018263162e+02,4.23871520678441807e-09,1.89204902603787954e-10,0.00000000000000000e+00,4.55680880354207748e-10,0.00000000000000000e+00,0.00000000000000000e+00,3.02036373918209051e-05,1.58685349639137619e-05,1.75304064082120272e-09,0.00000000000000000e+00,4.60788121481710901e-05,3.15080586269075522e-12,9.19883783712652963e-05,4.10611501866368463e-06,0.00000000000000000e+00,9.88916291698057855e-06,0.00000000000000000e+00,0.00000000000000000e+00,6.55477777827649932e-01,3.44378125740022967e-01,3.80443973942757677e-05,0.00000000000000000e+00,1.00000000000000000e+00,4.28237993126808665e-09
